地址：0x10,,buf[0],buf[1],buf[2],buf[3],,,,,,,,,,
开,,0x31,开舵机,0,0,,,,,,,,,,
/关机,,0x32,关舵机,0,0,,,,,,,,,,
,,,,,,,,,,,,,,,
舵机S1,直接,0x01,角度（0-180）,0,0,,,,,,,,,,
舵机S2,直接,0x02,角度（0-181）,0,0,,,,,,,,,,
舵机S3,直接,0x03,角度（0-182）,0,0,,,,,,,,,,
舵机S4,直接,0x04,角度（0-183）,0,0,,,,,,,,,,
舵机S5,直接,0x05,角度（0-184）,0,0,,,,,,,,,,
舵机S6,直接,0x06,角度（0-180）,0,0,,,,,,,,,,
舵机S7,直接,0x07,角度（0-180）,0,0,,,,,,,,,,
舵机S8,直接,0x08,角度（0-180）,0,0,,,,,,,,,,
舵机S9,直接,0x09,角度（0-180）,0,0,,,,,,,,,,
舵机S10,直接,0x10,角度（0-180）,0,0,,,,,,,,,,
舵机S11,直接,0x11,角度（0-180）,0,0,,,,,,,,,,
舵机S12,直接,0x12,角度（0-180）,0,0,,,,,,,,,,
,,,,,,,,,,,,,,,
舵机S1,平滑,0x41,角度（0-180）,0,0,,,,,,,,,,
舵机S2,平滑,0x42,角度（0-180）,0,0,,,,,,,,,,
舵机S3,平滑,0x43,角度（0-180）,0,0,,,,,,,,,,
舵机S4,平滑,0x44,角度（0-180）,0,0,,,,,,,,,,
舵机S5,平滑,0x45,角度（0-180）,0,0,,,,,,,,,,
舵机S6,平滑,0x46,角度（0-180）,0,0,,,,,,,,,,
舵机S7,平滑,0x47,角度（0-180）,0,0,,,,,,,,,,
舵机S8,平滑,0x48,角度（0-180）,0,0,,,,,,,,,,
舵机S9,平滑,0x49,角度（0-180）,0,0,,,,,,,,,,
舵机S10,平滑,0x50,角度（0-180）,0,0,,,,,,,,,,
舵机S11,平滑,0x51,角度（0-180）,0,0,,,,,,,,,,
舵机S12,平滑,0x52,角度（0-180）,0,0,,,,,,,,,,
