Command,Device,operation,buf[0],buf[1],buf[2],buf[3],,,https://www.elecfreaks.com/learn-cn/microbitExtensionModule/wukong.html?highlight=%E6%82%9F%E7%A9%BA,,,,,,
servoPowerOn,舵机电源,开,0x31,0,0,0,,,,,,,,,
servoPowerOff,舵机电源,关,0x32,0,0,0,,,,,,,,,
getBatteryLevel,读取电量（0-100,,0x33,0,0,0,,,,,,,,,
,,,,,,,,,,,,,,,
,,,,,,,,,,,,,,,
,,,,,,,,,,,,,,,
motor,M1,正转,0x01,0x01,速度（1-100）,0,,,,,,,,,
,,停,0x01,0x01,速度（0）,0,,,,,,,,,
,,反转,0x01,0x02,速度（1-100）,0,,,,,,,,,
motor,M2,正转,0x02,0x01,速度（1-100）,0,,,,,,,,,
,,停,0x02,0x01,速度（0）,0,,,,,,,,,
,,反转,0x02,0x02,速度（1-100）,0,,,,,,,,,
servo,舵机S7,直接,0x010,角度（0-180）,0,0,,,,,,,,,
servo,舵机S6,直接,0x09,角度（0-180）,0,0,,,,,,,,,
servo,舵机S5,直接,0x08,角度（0-180）,0,0,,,,,,,,,
servo,舵机S4,直接,0x07,角度（0-180）,0,0,,,,,,,,,
servo,舵机S3,直接,0x06,角度（0-180）,0,0,,,,,,,,,
servo,舵机S2,直接,0x05,角度（0-180）,0,0,,,,,,,,,
servo,舵机S1,直接,0x04,角度（0-180）,0,0,,,,,,,,,
servo,舵机S0,直接,0x03,角度（0-180）,0,0,,,,,,,,,
servoSmooth,舵机S7,平滑,0x020,角度（0-180）,0,0,,,,,,,,,
servoSmooth,舵机S6,平滑,0x19,角度（0-180）,0,0,,,,,,,,,
servoSmooth,舵机S5,平滑,0x18,角度（0-180）,0,0,,,,,,,,,
servoSmooth,舵机S4,平滑,0x17,角度（0-180）,0,0,,,,,,,,,
servoSmooth,舵机S3,平滑,0x16,角度（0-180）,0,0,,,,,,,,,
servoSmooth,舵机S2,平滑,0x15,角度（0-180）,0,0,,,,,,,,,
servoSmooth,舵机S1,平滑,0x14,角度（0-180）,0,0,,,,,,,,,
servoSmooth,舵机S0,平滑,0x13,角度（0-180）,0,0,,,,,,,,,
,,,,,,,,,,,,,,,
,地址：0x10,,,,,,,,,,,,,,
